{"cameraMode":{"drawMode":0,"name":"Shaded","section":"Shading Mode"},"sceneLighting":true,"audioPlay":false,"sceneViewState":{"m_AlwaysRefresh":false,"showFog":true,"showSkybox":true,"showFlares":true,"showImageEffects":true,"showParticleSystems":true,"showVisualEffectGraphs":true,"m_FxEnabled":true},"in2DMode":false,"pivot":{"x":0.7014445066452026,"y":5.165901184082031,"z":-0.49817538261413576},"rotation":{"x":0.03872328996658325,"y":0.29183804988861086,"z":-0.011825863271951676,"w":0.955609917640686},"size":6.559638500213623,"orthographic":true}